Time,bit-x,bitfinex,bitstamp,cex.io,coinbase,exmo,gemini,itbit,kraken
2019-08-13 17:25:07 UTC,,,10829.85,,,,,,
2019-08-13 17:25:08 UTC,,,10829.85,,,,,,
2019-08-13 17:25:09 UTC,,,,,10825.0,,,,
2019-08-13 17:25:10 UTC,,,10827.29,,10825.0,,,,
2019-08-13 17:25:11 UTC,,,,,10825.0,,,,
2019-08-13 17:25:12 UTC,,,,,10825.0,,,,
2019-08-13 17:25:13 UTC,,,,,10825.0,,,,
2019-08-13 17:25:14 UTC,,,,,10825.0,,,,
2019-08-13 17:25:16 UTC,,10885.96265991,,,10825.0,,,,
2019-08-13 17:25:19 UTC,,,,,10825.0,,,,
2019-08-13 17:25:20 UTC,,,,,10825.0,,,,
2019-08-13 17:25:21 UTC,,10885.0,,,10825.0,,,,
2019-08-13 17:25:22 UTC,,,,,10825.0,,,,10820.9
2019-08-13 17:25:23 UTC,,,10825.52,,10825.0,,,,
2019-08-13 17:25:25 UTC,,10886.0,,,10825.0,,,,
2019-08-13 17:25:26 UTC,,,,,10828.13,10822.04,,,
2019-08-13 17:25:27 UTC,,,,,,,,10822.0,
2019-08-13 17:25:28 UTC,,,,,10829.01,,,,
2019-08-13 17:25:29 UTC,,10886.0,,,,,10826.38,,
2019-08-13 17:25:30 UTC,,,,,10825.098,,10820.0,,
2019-08-13 17:25:31 UTC,,,,,10825.0,,,,10821.0
2019-08-13 17:25:33 UTC,,,,,10825.0,,,10818.25,
2019-08-13 17:25:35 UTC,,,,,10824.9966666667,,,10818.5,
2019-08-13 17:25:38 UTC,,,,,10825.0,,,,
2019-08-13 17:25:39 UTC,,,,,10821.1927272727,,,10818.5,
2019-08-13 17:25:40 UTC,,10885.0,10823.715,,,,,,
2019-08-13 17:25:44 UTC,,,,,10822.29,,,,
2019-08-13 17:25:45 UTC,,10885.981329955,,,,,,,10820.5
2019-08-13 17:25:47 UTC,,,,,10821.84,,,,10820.2666666667
2019-08-13 17:25:48 UTC,,,,,10821.72,,,,
2019-08-13 17:25:49 UTC,,10885.0,10825.37,,,,,,10820.2
2019-08-13 17:25:51 UTC,,,10825.37,,10821.39,,,,
2019-08-13 17:25:52 UTC,,10885.0,,,,,,,
2019-08-13 17:25:53 UTC,,,,,10821.2511111111,,,,
2019-08-13 17:25:54 UTC,,,,,10821.3433333333,,,,10820.1
2019-08-13 17:25:56 UTC,,10881.391240362,,,10820.145,,,,
2019-08-13 17:25:57 UTC,,10877.0,,,10822.14,,,,
2019-08-13 17:25:58 UTC,,10884.0,,,,,,,
2019-08-13 17:26:01 UTC,,,10823.83,,,,,10817.75,
2019-08-13 17:26:04 UTC,,,,,,,10823.85,,
2019-08-13 17:26:06 UTC,,10883.0,,,,,,,
2019-08-13 17:26:07 UTC,,,,,10824.22,,,,
2019-08-13 17:26:08 UTC,,,10825.37,,10824.2,,,,
2019-08-13 17:26:09 UTC,,,,,10824.08,,,,
2019-08-13 17:26:10 UTC,,,,,10824.4466666667,,,,
2019-08-13 17:26:11 UTC,,,10825.37,,10824.53,,,,
2019-08-13 17:26:12 UTC,,,,,10824.5275,,,,
2019-08-13 17:26:15 UTC,,,,,10829.14,,,,
2019-08-13 17:26:16 UTC,,,,,10827.6333333333,,,,
2019-08-13 17:26:17 UTC,,10885.0,,,,,,,10821.6
2019-08-13 17:26:18 UTC,,,,,10828.91,,,,
2019-08-13 17:26:20 UTC,,,,,10828.4066666667,,,,
2019-08-13 17:26:21 UTC,,,,,10829.13,,,,
2019-08-13 17:26:23 UTC,,,,,10829.085,,,,
2019-08-13 17:26:24 UTC,,,,10832.7,10828.4533333333,,,,
2019-08-13 17:26:27 UTC,,,,10858.4,,,,,
2019-08-13 17:26:28 UTC,,,,,10829.17,,,,
2019-08-13 17:26:30 UTC,,10885.0,,,10829.17,,,,
2019-08-13 17:26:31 UTC,,10884.0,,,10829.17,,,,
2019-08-13 17:26:32 UTC,,,10828.35,,10829.17,,,,
2019-08-13 17:26:33 UTC,,,,,10829.17,,,,
2019-08-13 17:26:34 UTC,,,,,10828.6775,,,,
2019-08-13 17:26:36 UTC,,,,,10828.485,,,,
2019-08-13 17:26:37 UTC,,,10828.35,,10829.085,,,10822.5,
2019-08-13 17:26:39 UTC,,,,,10829.17,,,,
2019-08-13 17:26:41 UTC,,10885.36330986,,,10831.39,,,10822.5,
2019-08-13 17:26:42 UTC,,,10829.35,,10831.39,,,,
2019-08-13 17:26:43 UTC,,,,,10831.38,,,,10822.2666666667
2019-08-13 17:26:44 UTC,,,,,10831.38,,,,
2019-08-13 17:26:45 UTC,,,,,10831.38,,,,
2019-08-13 17:26:46 UTC,,,,,10831.38,,,,
2019-08-13 17:26:48 UTC,,,,,10830.784,,,,
2019-08-13 17:26:50 UTC,,,,,10831.31,,,,10823.2333333333
2019-08-13 17:26:51 UTC,,,,,10831.39,,,,10823.2
2019-08-13 17:26:54 UTC,,,,,10831.098,,,,10823.3
2019-08-13 17:26:55 UTC,,10887.30460405,,,,,,,
2019-08-13 17:26:58 UTC,,,,,,,10832.15,,
2019-08-13 17:26:59 UTC,,10887.19277537,,,,,,,
2019-08-13 17:27:00 UTC,,10888.043702395,,,10831.675,,,,
2019-08-13 17:27:01 UTC,,10888.08740479,,,,,,,
2019-08-13 17:27:02 UTC,,10888.19923347,,,10831.855,,,,
2019-08-13 17:27:03 UTC,,10890.1036873833,10834.98,,10832.0,,,,
2019-08-13 17:27:04 UTC,,10892.0,,,10832.0,,,,10830.45
2019-08-13 17:27:05 UTC,,10892.0,,,,,10835.32,,
2019-08-13 17:27:06 UTC,,10892.0,,,10832.0,,10835.32,,
2019-08-13 17:27:07 UTC,,10893.5,,,,,,10829.125,
2019-08-13 17:27:08 UTC,,10896.1649992857,,,,,,,
2019-08-13 17:27:09 UTC,,10896.0,,,,,,,
2019-08-13 17:27:10 UTC,,10895.169119,,,10832.0,,,,
2019-08-13 17:27:11 UTC,,10895.0,,,10832.3333333333,,,,
2019-08-13 17:27:12 UTC,,10895.0,,,,,,,
2019-08-13 17:27:13 UTC,,10895.0,10834.97,,10833.0,,,,
2019-08-13 17:27:14 UTC,,10897.0240084444,10836.35,,10833.0,,,,10832.8
2019-08-13 17:27:15 UTC,,10892.399319,,,,,,,
2019-08-13 17:27:16 UTC,,10893.0,,,,,,,
2019-08-13 17:27:17 UTC,,10892.0,,,10832.995,,,,
2019-08-13 17:27:18 UTC,,10893.0,,,10833.0,,,,
2019-08-13 17:27:19 UTC,,10893.0,,,,,,,
2019-08-13 17:27:20 UTC,,10894.0,10832.32,,,,,10830.75,
2019-08-13 17:27:21 UTC,,,,,10833.0,,,,10834.5
2019-08-13 17:27:23 UTC,,,,10859.25,10832.99,,,,
2019-08-13 17:27:25 UTC,,,,10860.0,,,,,
2019-08-13 17:27:26 UTC,,10897.0,,,10833.0,,,,
2019-08-13 17:27:27 UTC,,10897.546957,,,,,,,
2019-08-13 17:27:28 UTC,,,,,10832.99,,,,
2019-08-13 17:27:29 UTC,,,,,10832.99,,,,
2019-08-13 17:27:31 UTC,,10897.3333333333,,,10833.0,10832.04,,,
2019-08-13 17:27:32 UTC,,10898.0,,,10832.995,,,,
2019-08-13 17:27:34 UTC,,,,,10833.0,,,,
2019-08-13 17:27:35 UTC,,10897.6666666667,10838.36,,,,,,
2019-08-13 17:27:38 UTC,,,10838.36,,10832.995,,,,
2019-08-13 17:27:39 UTC,,,,,10833.0,,,,
2019-08-13 17:27:40 UTC,,,,,,,10836.355,,
2019-08-13 17:27:42 UTC,,,,,10832.99,,,10831.5,10830.3
2019-08-13 17:27:43 UTC,,,,,,,,,10834.0
2019-08-13 17:27:44 UTC,,10898.0,,,10832.995,,,,
2019-08-13 17:27:45 UTC,,,10838.36,,,,,,
2019-08-13 17:27:46 UTC,,10899.0,10839.39,,10833.0,,,,
2019-08-13 17:27:48 UTC,,10899.0,,,10833.0,,,,
2019-08-13 17:27:49 UTC,,,10839.39,,10832.995,,,,
2019-08-13 17:27:50 UTC,,,,,10832.99,,,,10836.2
2019-08-13 17:27:51 UTC,,10898.5,,,,10834.54,,,
2019-08-13 17:27:52 UTC,,10898.5,,,,10833.099,,,
2019-08-13 17:27:53 UTC,,,,,,,,,10836.1
2019-08-13 17:27:54 UTC,,10897.0,,,,,10837.71,,
2019-08-13 17:27:55 UTC,,10900.1666666667,,,10833.0,,,,
2019-08-13 17:27:56 UTC,,10901.0,,,10833.0,,,,
2019-08-13 17:27:57 UTC,,,,,10833.0,,,,
2019-08-13 17:27:58 UTC,,10900.5,,,10832.99,,,,
2019-08-13 17:27:59 UTC,,10901.0,,,10832.99,,,,10839.6
2019-08-13 17:28:00 UTC,,10901.0,,,,,,,
2019-08-13 17:28:02 UTC,,10901.0,,,10832.99,,,,
2019-08-13 17:28:03 UTC,,,,,10833.0,,,,
2019-08-13 17:28:04 UTC,,,,,10833.0,10835.08,,,10839.7
2019-08-13 17:28:05 UTC,,,10842.24,,10832.9933333333,,,,10839.7
2019-08-13 17:28:06 UTC,,10901.0,,,,,,,
2019-08-13 17:28:08 UTC,,,10842.24,,10833.0,,,,10836.0
2019-08-13 17:28:09 UTC,,10901.0,,,10833.0,,,,10834.9333333333
2019-08-13 17:28:10 UTC,,,,,10833.0,,,,
2019-08-13 17:28:11 UTC,,10901.0,,,,,,,
2019-08-13 17:28:12 UTC,,10901.0,,,10833.0,,,,
2019-08-13 17:28:13 UTC,,,,10860.0,10833.0,10835.08,,,10836.0
2019-08-13 17:28:15 UTC,,,10842.225,,10832.99,,,,
2019-08-13 17:28:16 UTC,,,,,10832.99,,,,10836.0
2019-08-13 17:28:18 UTC,,,,,10832.9933333333,,,,
2019-08-13 17:28:19 UTC,,,,,10833.0,,,,
2019-08-13 17:28:20 UTC,,,,,,,,,10836.0
2019-08-13 17:28:21 UTC,,10901.0,,,10833.0,,,,
2019-08-13 17:28:22 UTC,,10900.94770276,,,10833.0,,,,
2019-08-13 17:28:23 UTC,,10896.0,,,,,,,10836.0
2019-08-13 17:28:25 UTC,,10900.0,,,,,,,
2019-08-13 17:28:26 UTC,,,,,10833.0,,,,
2019-08-13 17:28:27 UTC,,10899.0,,,,10835.08,,,
2019-08-13 17:28:28 UTC,,10898.75,,,10833.0,,,,
2019-08-13 17:28:29 UTC,,10899.5,,,10832.995,,,10838.0,
2019-08-13 17:28:30 UTC,,10900.0,,,10838.8114285714,,,,10836.0
2019-08-13 17:28:31 UTC,,10901.0,10842.21,,10841.195,10834.660500055,,,
2019-08-13 17:28:32 UTC,,10896.02724093,,,10840.7,,,,
2019-08-13 17:28:33 UTC,,10900.0,,,,,,,
2019-08-13 17:28:34 UTC,,,,,10841.62,,,,10836.0
2019-08-13 17:28:36 UTC,,,10842.21,,,,,,
2019-08-13 17:28:37 UTC,,,,,10843.05,,,,
2019-08-13 17:28:38 UTC,,10900.0,10844.228,,10843.03,,,,
2019-08-13 17:28:39 UTC,,,,,10843.03,,,,10835.7
2019-08-13 17:28:40 UTC,,,10845.0,,10842.7133333333,,,,
2019-08-13 17:28:41 UTC,,,10845.01,,,,,,10836.0
2019-08-13 17:28:42 UTC,,,,,,10864.989135,,,
2019-08-13 17:28:43 UTC,,,,,10842.85,,,,
2019-08-13 17:28:44 UTC,,,,,10842.74,,,,10836.0
2019-08-13 17:28:45 UTC,,,10844.67,,,,,,
2019-08-13 17:28:46 UTC,,,,,10842.58,,,,
2019-08-13 17:28:47 UTC,,10900.0,,,,,,,
2019-08-13 17:28:48 UTC,,,,,10842.5757142857,,,,
2019-08-13 17:28:49 UTC,,,10844.8966666667,,10842.9166666667,,,,
2019-08-13 17:28:50 UTC,,,,,10844.68,10864.989135,,,
2019-08-13 17:28:51 UTC,,10901.0,,,10844.67,,,,
2019-08-13 17:28:52 UTC,,,,10860.0,10845.0,,,,
2019-08-13 17:28:53 UTC,,10928.7028864578,10851.01,,,,,,
2019-08-13 17:28:54 UTC,,10921.5691814389,10850.6383333333,,10844.99,,,,
2019-08-13 17:28:55 UTC,,10923.2033556217,10851.2866666667,,10845.0,,,,
2019-08-13 17:28:56 UTC,,10920.5713000155,10851.84,,10845.0,,,,
2019-08-13 17:28:57 UTC,,10918.8,,,,,,,
2019-08-13 17:28:58 UTC,,10919.0,,,,,,,
2019-08-13 17:28:59 UTC,,10919.0,,,,10864.98913499,,,
2019-08-13 17:29:00 UTC,,10919.0,,,,,,,
2019-08-13 17:29:01 UTC,,10919.0,,,10845.0,,,,
2019-08-13 17:29:02 UTC,,10919.0,,,10845.0,,,,
2019-08-13 17:29:03 UTC,,10919.0,,,10848.9264285714,,,,
2019-08-13 17:29:04 UTC,,10919.0,10851.4,,,,,10846.0,
2019-08-13 17:29:05 UTC,,10919.0,,,10853.015,,,,
2019-08-13 17:29:06 UTC,,,,,10853.37,,,,
2019-08-13 17:29:07 UTC,,10918.95211992,10851.9,,,,10854.09,,
2019-08-13 17:29:08 UTC,,10917.0,10851.0,,10855.9026666667,,,10850.0,
2019-08-13 17:29:09 UTC,,10918.6,,,,,,,10849.96
2019-08-13 17:29:10 UTC,,10919.0,,,10857.03,,,,
2019-08-13 17:29:11 UTC,,,,,10857.02,,,10850.0,
2019-08-13 17:29:12 UTC,,,,,10857.01,,,,
2019-08-13 17:29:13 UTC,,10918.0,,,10857.0,,,,10850.0
2019-08-13 17:29:14 UTC,,10917.0,,,10856.23,,,,
2019-08-13 17:29:15 UTC,,10917.0,,10893.3,10853.522,,,,
2019-08-13 17:29:16 UTC,,,10851.9,,10853.435,,,,
2019-08-13 17:29:17 UTC,,,,,10856.3072727273,,,,10842.3
2019-08-13 17:29:18 UTC,,,10857.2733333333,,10852.61,,,10850.0,
2019-08-13 17:29:19 UTC,,,,,10853.625,,,,
2019-08-13 17:29:20 UTC,,10917.0,10859.41,,10857.715,10863.99,,,
2019-08-13 17:29:21 UTC,10843.43,10916.80185884,10861.24,,10855.17,,,,10850.0
2019-08-13 17:29:22 UTC,,10921.0,,,10857.0,,,,10850.0
2019-08-13 17:29:23 UTC,,10922.6666666667,,,10856.995,,10855.0,,
2019-08-13 17:29:25 UTC,,,10861.24,,10857.2433333333,,,,
2019-08-13 17:29:26 UTC,,,,,10857.73,,,,
2019-08-13 17:29:27 UTC,,10928.6666666667,,,10857.73,,,,
2019-08-13 17:29:28 UTC,,,10861.24,,,,,,
2019-08-13 17:29:29 UTC,,10930.0,,,10857.73,,,,
2019-08-13 17:29:30 UTC,,10930.0,10861.24,,10857.73,10863.99,,,10849.9
2019-08-13 17:29:31 UTC,,10929.973481872,,,,,,,10849.9
2019-08-13 17:29:32 UTC,,10929.0,10858.0,,10857.72,,,,
2019-08-13 17:29:33 UTC,,,10858.04,,10857.72,10864.1633333333,,,
2019-08-13 17:29:34 UTC,,,10851.96,,10856.914,10864.00100001,,,
2019-08-13 17:29:35 UTC,,,10852.1,,10854.255,,10854.99,10856.0,
2019-08-13 17:29:36 UTC,,10922.0,10851.84,,10851.03,,,,
2019-08-13 17:29:37 UTC,,,,,10851.0133333333,,,,
2019-08-13 17:29:38 UTC,,10919.95857802,,,10851.01,,,,
2019-08-13 17:29:39 UTC,,,,,10851.0,,,,
2019-08-13 17:29:40 UTC,,10917.0,,,10850.03,10864.0,,,
2019-08-13 17:29:42 UTC,,,,,10853.138,,,,
2019-08-13 17:29:43 UTC,,10917.23802998,,,10854.3333333333,10864.989135,,,
2019-08-13 17:29:44 UTC,,,,,10855.46,,,,
2019-08-13 17:29:45 UTC,,10915.872294,,,10852.965,,,,
2019-08-13 17:29:46 UTC,,10918.0,,,10854.34,,,,10849.9
2019-08-13 17:29:47 UTC,,10917.750132,,,10854.31,,,,
2019-08-13 17:29:48 UTC,,,10850.6,,,,,,
2019-08-13 17:29:49 UTC,,,10860.92,,10851.1833333333,,,,
2019-08-13 17:29:51 UTC,,10918.0,,,10853.71,,10853.33,,10850.6
2019-08-13 17:29:52 UTC,,,10856.55,,,,10854.09,,
2019-08-13 17:29:53 UTC,,10918.0,,,10855.07,,,,
2019-08-13 17:29:54 UTC,,10917.9167106667,,,10854.95,,,,
2019-08-13 17:29:55 UTC,,,,,10854.765,10864.989135,,,
2019-08-13 17:29:56 UTC,,,,,10854.54,,,,
2019-08-13 17:29:57 UTC,,10916.4056065,,,,,,,10850.0
2019-08-13 17:29:59 UTC,,,,,10853.54,,,,
2019-08-13 17:30:00 UTC,,,,,10854.62,,,,
2019-08-13 17:30:01 UTC,,,,,,10864.989135,,,
2019-08-13 17:30:02 UTC,,,,,,10864.989135,,,10853.0
2019-08-13 17:30:03 UTC,,,10860.91,,10854.175,10864.989135,,,
2019-08-13 17:30:04 UTC,,,,,10854.25,,,,
2019-08-13 17:30:05 UTC,,,,,10854.0,,,,10850.05
2019-08-13 17:30:06 UTC,,,,,10854.0,10864.989135,,,
2019-08-13 17:30:07 UTC,,,,,10854.01,,,,10850.2
2019-08-13 17:30:08 UTC,,,10860.12,,10854.0,,,,
2019-08-13 17:30:09 UTC,,,10859.49,,,,,,
2019-08-13 17:30:10 UTC,,,,,10854.01,,,,10852.0666666667
2019-08-13 17:30:11 UTC,,,,,,,10852.23,,
2019-08-13 17:30:12 UTC,,,,,,,,,10852.9
2019-08-13 17:30:14 UTC,,,,,10854.01,,,,
2019-08-13 17:30:15 UTC,,10918.0,,,10854.01,,,,
2019-08-13 17:30:18 UTC,,,,,10854.01,10864.0000001,,,
2019-08-13 17:30:20 UTC,10800.0,10917.91691657,,,,,,,
2019-08-13 17:30:21 UTC,,10917.16286107,,,,,,,
2019-08-13 17:30:22 UTC,10730.88,10917.930501115,10859.49,,,,,,
2019-08-13 17:30:23 UTC,,,10850.615,,,,,,
2019-08-13 17:30:24 UTC,,,10860.13,,10854.21,10864.0,,,
2019-08-13 17:30:25 UTC,,,10859.49,,10854.215,,,,
2019-08-13 17:30:26 UTC,,,,,10854.22,,,,
2019-08-13 17:30:27 UTC,,,,,10854.19,,,,10853.0
2019-08-13 17:30:28 UTC,,,,,10854.19,,,,
2019-08-13 17:30:29 UTC,,10917.91691657,,,10854.0,,,,
2019-08-13 17:30:31 UTC,,10918.0,,,10854.17,10864.747,,,
2019-08-13 17:30:32 UTC,,,10850.6,,10854.01,,,,
2019-08-13 17:30:33 UTC,,,,,10854.01,10864.989135,,,
2019-08-13 17:30:34 UTC,,,,,10854.002,,,,
2019-08-13 17:30:35 UTC,,,,,10852.99,10864.989135,,,10852.94
2019-08-13 17:30:36 UTC,,,,,10851.9966666667,10864.0,,,
2019-08-13 17:30:37 UTC,,,,,10852.2875,,,,
2019-08-13 17:30:39 UTC,,,,,10852.61,10864.989135,10852.1,,
2019-08-13 17:30:44 UTC,,10917.27468975,,,,,,,
2019-08-13 17:30:45 UTC,,,10858.83,,10852.6,,,10853.0,10852.0
2019-08-13 17:30:46 UTC,,10917.0,,,10851.715,,,,
2019-08-13 17:30:47 UTC,,,,,,,,,10851.0090909091
2019-08-13 17:30:48 UTC,,,,,10850.61,,,,
2019-08-13 17:30:49 UTC,,,10843.64,,10850.02,,,,
2019-08-13 17:30:51 UTC,,10917.0,,,10850.55,,,,
2019-08-13 17:30:52 UTC,,,,,10850.55,,,,
2019-08-13 17:30:53 UTC,,,,10865.5,,,,,
2019-08-13 17:30:54 UTC,,10917.05103239,,,10850.54,,,,10851.0
2019-08-13 17:30:55 UTC,,10917.386518425,,,10850.0336842105,,,10849.0,10851.1
2019-08-13 17:30:56 UTC,,10917.0,10852.41,,10846.33,,,,
2019-08-13 17:30:57 UTC,,10913.0,10842.51,,10844.0066666667,,,10849.0,10851.0
2019-08-13 17:30:58 UTC,,,10839.83,,10840.2066666667,,10845.09,10844.0,10850.9924242424
2019-08-13 17:30:59 UTC,,10911.0,10840.54,,10839.995,,,10841.25,
2019-08-13 17:31:00 UTC,,10911.6014851583,,,10838.1633333333,,,,
2019-08-13 17:31:01 UTC,,10904.0,,,10837.0,,10838.71,,
2019-08-13 17:31:02 UTC,,10903.296105,,,,,10838.66,,10842.0
2019-08-13 17:31:03 UTC,,10903.296105,,,10839.3485714286,,,,
2019-08-13 17:31:04 UTC,,10903.296105,,,,,,,
2019-08-13 17:31:05 UTC,,,,,,,,10838.25,10842.1
2019-08-13 17:31:06 UTC,,10903.296105,,,,,,,
2019-08-13 17:31:07 UTC,,,,,,,,,10837.5
2019-08-13 17:31:08 UTC,,10904.0,,,10842.32,,,,
2019-08-13 17:31:09 UTC,,,,,10842.3,,10840.91,,
2019-08-13 17:31:10 UTC,,,,,10841.5433333333,,,,
2019-08-13 17:31:11 UTC,,10903.296105,,10888.15,10843.165,,10834.27,,10841.3
2019-08-13 17:31:13 UTC,,,,,10843.17,,,,10842.1
2019-08-13 17:31:14 UTC,,,,,10843.35,,,,10842.1
2019-08-13 17:31:17 UTC,,,,,10843.31,,,,
2019-08-13 17:31:18 UTC,,,,,,,10840.85,,
2019-08-13 17:31:19 UTC,,10903.40793368,,,10843.29,,10840.85,,
2019-08-13 17:31:20 UTC,,10904.0,10842.96,,10843.23,10885.178260384,,,
2019-08-13 17:31:21 UTC,,,,,10843.35,,,,
2019-08-13 17:31:22 UTC,,,,,10843.32,,,,
2019-08-13 17:31:23 UTC,,,,,10843.32,,,,
2019-08-13 17:31:24 UTC,,,,,10840.286,,,,
2019-08-13 17:31:25 UTC,,10904.0,,,10843.33,10889.0,,,
2019-08-13 17:31:26 UTC,,,,,10843.33,,,,
2019-08-13 17:31:27 UTC,,10903.2588287733,,,,,,,
2019-08-13 17:31:29 UTC,,10904.0,,,10843.08,,,,
2019-08-13 17:31:30 UTC,,,10845.63,,10842.425,,,,
2019-08-13 17:31:32 UTC,,,,,10843.05,,,,
2019-08-13 17:31:34 UTC,,10903.5,,,,,,,
2019-08-13 17:31:36 UTC,,,,,10841.9,,,,
2019-08-13 17:31:39 UTC,,10904.0,,,,,,,
2019-08-13 17:31:41 UTC,,,,,10843.2,,,,
2019-08-13 17:31:42 UTC,,,,,10843.34,,,,10839.1
2019-08-13 17:31:43 UTC,,,,,10843.3466666667,,,,
2019-08-13 17:31:44 UTC,,,,,10843.35,,,,
2019-08-13 17:31:46 UTC,,,,,10843.35,,,,
2019-08-13 17:31:47 UTC,,,,,10843.35,,10843.98,,10842.6
2019-08-13 17:31:48 UTC,,,10844.865,,10843.355,,,,
2019-08-13 17:31:49 UTC,,,,,10843.36,,,,
2019-08-13 17:31:51 UTC,,10903.296105,,,10842.37,,,,10842.1
2019-08-13 17:31:52 UTC,,10904.0,,,,,,,
2019-08-13 17:31:53 UTC,,,10845.63,,,,,,
2019-08-13 17:31:54 UTC,,,,,10843.35,,,,
2019-08-13 17:31:56 UTC,,10903.74341971,10845.0866666667,,10843.355,,,,
2019-08-13 17:31:57 UTC,,10904.0,,,,,,,10840.65
2019-08-13 17:31:58 UTC,,,,,10849.96,,,,10842.6
2019-08-13 17:31:59 UTC,,10915.03811619,10848.41,,10849.96625,,,,
2019-08-13 17:32:00 UTC,,10915.06856558,,,10848.74,,,,
2019-08-13 17:32:01 UTC,,10915.27699824,,,10848.54,,,,
2019-08-13 17:32:02 UTC,,10915.66710373,,,10849.97,,,,
2019-08-13 17:32:03 UTC,,10916.0,,,,10860.2336692233,,,
2019-08-13 17:32:04 UTC,,10915.165169565,,,10849.885,,,,
2019-08-13 17:32:05 UTC,,,,,10848.52,,,,
2019-08-13 17:32:06 UTC,,10915.7197308843,,,,,,,
2019-08-13 17:32:07 UTC,,10915.0,,,10849.59,,,,
2019-08-13 17:32:08 UTC,,10915.0,,,,,,,
2019-08-13 17:32:09 UTC,,10915.5,10848.58,,,,,,
2019-08-13 17:32:10 UTC,,10915.0,,,10849.5,,,,10845.0
2019-08-13 17:32:11 UTC,,10915.5,,,,,10848.37,,
2019-08-13 17:32:12 UTC,,10915.053340885,10853.3,,10852.53,,,,10845.0
2019-08-13 17:32:13 UTC,,,,,10855.09,,,,
2019-08-13 17:32:14 UTC,,10915.03811619,10854.99,,10855.09,,,,
2019-08-13 17:32:15 UTC,,10915.03811619,,,,,10854.99,,
2019-08-13 17:32:16 UTC,,10915.475615255,,,,,10854.97,,10857.2142857143
2019-08-13 17:32:17 UTC,,10915.03811619,,,,,,,
2019-08-13 17:32:18 UTC,,10915.03811619,10861.23,,10857.69,,,,
2019-08-13 17:32:19 UTC,,10915.03811619,,,10857.69,,,,
2019-08-13 17:32:20 UTC,,10915.574972435,,,10857.65,,,,
2019-08-13 17:32:21 UTC,,10915.14994487,,,10857.65,,,,
2019-08-13 17:32:22 UTC,,10915.3736022267,,,,,,,
2019-08-13 17:32:23 UTC,,10915.26177355,,,10857.02,,,,
2019-08-13 17:32:24 UTC,,10915.37360222,,,,,,,
2019-08-13 17:32:25 UTC,,10915.4854309,,,,,,,
2019-08-13 17:32:26 UTC,,10915.85454413,,,10857.65,10884.507999726,,,
2019-08-13 17:32:27 UTC,,10915.59725958,,,10857.65,,,,
2019-08-13 17:32:28 UTC,,10915.59725958,,,10857.66,,,,10858.85
2019-08-13 17:32:29 UTC,,10915.59725958,,,10857.715,,,,
2019-08-13 17:32:30 UTC,,10915.59725958,10855.32,,,,,,
2019-08-13 17:32:31 UTC,,10915.59725958,,,,,,,
2019-08-13 17:32:32 UTC,,10915.59725958,,,,,,,
2019-08-13 17:32:33 UTC,,10915.59725958,,,10857.68,,,,
2019-08-13 17:32:34 UTC,,10915.59725958,,,10857.69,,,,10853.1
2019-08-13 17:32:35 UTC,,10915.59725958,,,,,,,
2019-08-13 17:32:36 UTC,,10915.59725958,10854.45,,,,,,
2019-08-13 17:32:37 UTC,,10915.59725958,10854.09,,10856.4,,10854.95,,
2019-08-13 17:32:38 UTC,,10915.59725958,,,10856.4,,10854.94,,
2019-08-13 17:32:39 UTC,,10915.8433350633,,,10856.4,,,,
2019-08-13 17:32:40 UTC,,10915.59725958,,,,,,,
2019-08-13 17:32:41 UTC,,10915.59725958,,,10856.4,,,,10851.95
2019-08-13 17:32:42 UTC,,10915.59725958,,,10856.39,,,,
2019-08-13 17:32:43 UTC,,10915.59725958,,,10856.4,,,,
2019-08-13 17:32:44 UTC,,10915.59725958,,,10856.39,,,,10852.5
2019-08-13 17:32:45 UTC,,,,,10856.4,,,,
2019-08-13 17:32:46 UTC,,10914.0,,,,,,,10850.0
2019-08-13 17:32:47 UTC,,10915.6,10854.06,,10856.39,,,,
2019-08-13 17:32:48 UTC,,10915.519058095,10854.06,,10856.4,,,,
2019-08-13 17:32:49 UTC,,10916.38006033,,,10856.4,,,,
2019-08-13 17:32:50 UTC,,10916.9989627,,,10856.4,,,,
2019-08-13 17:32:51 UTC,,10916.99948135,,,10856.4,,,,
2019-08-13 17:32:52 UTC,,10916.9989627,,,10856.395,,10854.91,,
2019-08-13 17:32:53 UTC,,10916.9989627,,,,,,,
2019-08-13 17:32:54 UTC,10844.55,10916.93920372,,,,,,,
2019-08-13 17:32:55 UTC,,10916.9989627,,,10856.3075,,,,
2019-08-13 17:32:56 UTC,,10916.51636342,10849.355,,10856.35,,,,10853.0
2019-08-13 17:32:57 UTC,,10915.0,10856.13,,,,,,
2019-08-13 17:32:59 UTC,,10915.0,,,10851.96,,,,
2019-08-13 17:33:00 UTC,,10915.0,,,,,,,
2019-08-13 17:33:01 UTC,,10915.03811619,,,10851.95,,,,10851.3666666667
2019-08-13 17:33:02 UTC,,10915.41045847,10853.98,,10851.95,,,,
2019-08-13 17:33:03 UTC,,10915.14994487,,,,,,,
2019-08-13 17:33:05 UTC,,10916.0,,,10856.285,,,,
2019-08-13 17:33:06 UTC,,,,,10855.795,,,,
2019-08-13 17:33:07 UTC,,,,,10851.2525,,,,
2019-08-13 17:33:09 UTC,,,,,10850.08,,,,
2019-08-13 17:33:10 UTC,,10916.0,,,,,,,
2019-08-13 17:33:13 UTC,,,,,,,10852.13,,10853.0
2019-08-13 17:33:14 UTC,,10915.14994487,,,10854.4566666667,,,,10853.0
2019-08-13 17:33:16 UTC,,10916.0,,,10854.39,10881.96,,,
2019-08-13 17:33:17 UTC,,10916.0,,10868.7,,,,,10853.0
2019-08-13 17:33:18 UTC,,,,,10854.4,,,,
2019-08-13 17:33:20 UTC,,10916.0,,,10856.4,,,,
2019-08-13 17:33:21 UTC,,,,,10852.79,,,,10853.1
2019-08-13 17:33:23 UTC,,,,,10854.635,,,,
2019-08-13 17:33:24 UTC,,,,,10856.212,,,,
2019-08-13 17:33:25 UTC,,10915.4854309,10851.14,,10856.35,,10854.96,,
2019-08-13 17:33:26 UTC,,10915.82091694,,,10854.91,,,,
2019-08-13 17:33:27 UTC,,10915.4854309,10859.0166666667,,10854.19,,,,
2019-08-13 17:33:28 UTC,,,,,10854.1866666667,,,,10852.5
2019-08-13 17:33:29 UTC,,,,,10854.848,,,,
2019-08-13 17:33:30 UTC,,10916.0,,,10856.1716666667,,,,
2019-08-13 17:33:31 UTC,,10915.0728368167,,,10851.02,,,,
2019-08-13 17:33:32 UTC,,,,,10855.33,,,,
2019-08-13 17:33:34 UTC,,,,,10855.33,,,,
2019-08-13 17:33:35 UTC,,,,,10855.33,,10852.655,,
2019-08-13 17:33:37 UTC,,,,,10855.32,,,,
2019-08-13 17:33:38 UTC,,,10860.46,,,,,,
2019-08-13 17:33:40 UTC,,,,,10854.125,,,,10853.0
2019-08-13 17:33:41 UTC,,,,,10855.32,,,,
2019-08-13 17:33:42 UTC,,10915.0,,,10855.32,,,,
2019-08-13 17:33:43 UTC,,10915.0,,,,,,,
2019-08-13 17:33:45 UTC,,10916.0,,,10854.21,,,,
2019-08-13 17:33:46 UTC,,,,,10855.31,,,,
2019-08-13 17:33:47 UTC,,,,,10854.185,,,,
2019-08-13 17:33:48 UTC,,,,,10855.31,,,,
2019-08-13 17:33:52 UTC,,,,,10853.06,,,,
2019-08-13 17:33:53 UTC,,,,,10854.29,,,,
2019-08-13 17:33:56 UTC,,,10858.52,,10854.23,,,,
2019-08-13 17:33:59 UTC,,,10859.83,,,,,,
2019-08-13 17:34:00 UTC,,,,,10854.23,,,,
2019-08-13 17:34:01 UTC,,,,,10854.23,10897.999999965,,,
2019-08-13 17:34:04 UTC,,,,,10854.23,,,,
2019-08-13 17:34:05 UTC,,10915.0,,,,,,,
2019-08-13 17:34:06 UTC,,10916.0,,,,,,,
2019-08-13 17:34:07 UTC,,,,,10854.24,,,,
2019-08-13 17:34:09 UTC,,10915.0,,,,,,,
2019-08-13 17:34:10 UTC,,,,,10853.0,,,,
2019-08-13 17:34:11 UTC,,,,,,10880.865,,,10853.1
2019-08-13 17:34:12 UTC,,,,,10854.24,,,,
2019-08-13 17:34:16 UTC,,,,,10853.0,,,,
2019-08-13 17:34:17 UTC,,,,,10854.22,,,,
2019-08-13 17:34:18 UTC,,,,,10854.21,,,,
2019-08-13 17:34:19 UTC,,,10856.52,,,,,,
2019-08-13 17:34:22 UTC,,,,,10853.595,,,,
2019-08-13 17:34:23 UTC,,10916.0,,,,,,,
2019-08-13 17:34:25 UTC,,,,,10852.3125,,,,10853.1
2019-08-13 17:34:26 UTC,,,,,10854.14,,,,
2019-08-13 17:34:28 UTC,,,,,10853.622,,,,
2019-08-13 17:34:29 UTC,,,,,10852.06,,,,10853.0333333333
2019-08-13 17:34:31 UTC,,,,,10850.83,,,,10853.1
2019-08-13 17:34:32 UTC,,,10846.57,,10850.83,,,,
2019-08-13 17:34:33 UTC,,,,,10851.92,,,,
2019-08-13 17:34:34 UTC,,,,,10851.92,,,,
2019-08-13 17:34:36 UTC,,,,,10851.92,,,,
2019-08-13 17:34:38 UTC,,,,,10852.03,,,,
2019-08-13 17:34:39 UTC,,,10855.02,,10852.02,,,,
2019-08-13 17:34:40 UTC,,,,,,,,,10853.0
2019-08-13 17:34:42 UTC,,,,,,10897.366378292,,,
2019-08-13 17:34:44 UTC,10850.37,,,,,,,,10853.1
2019-08-13 17:34:46 UTC,,10915.0,10850.12,,10850.4614285714,,,,
2019-08-13 17:34:47 UTC,,,10845.63,,,,,,
2019-08-13 17:34:49 UTC,,10914.85600595,,,,,,,
2019-08-13 17:34:51 UTC,,,,,10850.01,,,,
2019-08-13 17:34:52 UTC,,,,,10850.0,,,,
2019-08-13 17:34:53 UTC,,,,,10850.01,,,,
2019-08-13 17:34:54 UTC,,,,,,,10850.085,,
2019-08-13 17:34:55 UTC,,,,,10850.0,,,,
2019-08-13 17:34:59 UTC,,,,,10850.0,,,,
2019-08-13 17:35:02 UTC,,,,,10850.01,,,,
2019-08-13 17:35:03 UTC,,,10850.3,,,,,,
2019-08-13 17:35:05 UTC,,,,,10850.005,,,,

